{
    "en": {
        "currency": "{amount} {symbol}",
        "connecting": "Connecting...",
        "user-name":"User Name",
        "password":"Password",
        "order-service":"Order Service",

        "dashboard": "Dashboard",
        "pending-drivers": "Pending Drivers",
        "call-requests": "Call Requests",
        "complaints": "Complaints",
        "payment-requests": "Payment requests",
        "promotions": "Promotions",
        "coupons": "Coupons",
        "drivers": "Drivers",
        "riders": "Riders",
        "travels": "Travels",
        "media-library": "Media Library",
        "base-definations": "Base Definations",
        "regions": "Regions",
        "services": "Services",
        "cars":"Cars",
        "complaint-types":"Complaint types",
        "settings": "Settings",
        "general-settings": "General Settings",
        "user-settings": "User Settings",
        "logout": "Logout",

        "complaints-waiting-count":"{number} waiting",
        "drivers-awaiting":"Drivers awaiting approval",
        "drivers-awaiting-subheader":"{number} in total",
        "approve":"Approve",
        "drivers-online":"Online drivers",
        "documents-driver-submitted": "Documents driver submitted",
        
        "reminders-title":"Reminders",
        "reminders-add-event":"Add an event",
        "reminder-dialog-title":"Add reminder",
        "importance-low":"Low",
        "importance-medium":"Medium",
        "importance-high":"High",

        "rows-per-page":"Rows per page",
        "table-loading": "Loading or no more items",
        "table-search": "Search item...",
        "add-item":"Add new item",
        "edit-item":"Edit this row",
        "delete-items":"Delete Selected Items",
        "button-select-media":"Select Media...",

        "driver": "Driver",
        "rider": "Rider",
        "show-travel":"Show Travel Info",

        "edit-complaint-type":"Edit Complaint type",
        "edit-car":"Edit Car",
        "edit-service":"Edit Service",
        "edit-service-category":"Edit Service category",

        "button-add-category":"Add a new category",
        "button-edit-category":"Edit selected category",
        "button-delete-category":"Delete selected category",

        "library-loading":"Loading Images...",
        "relative":"Relative",
        "absolute":"Absolute",
        "library-all":"All",
        "library-car":"Car",
        "library-service":"Service",
        "library-driver-image":"Driver Image",
        "library-driver-header":"Driver Header",
        "library-rider-image":"Rider Image",
        "library-operator-image":"Operator Image",
        "library-promotion":"Promotion",

        "rider-financial-log":"Rider's financial log",
        "driver-financial-log":"Driver's financial log",
        "show-reviews":"Show reviews",
        "mark-reviewed":"Mark reviewed",
        "mark-paid":"Mark paid",
        "show-reviewed":"Show archive",
        "show-paid":"Show paid",
        "column-id": "ID",
        "column-base-fare": "Base Fare",
        "title-approval-driver":"Driver Approval #",
        "review-request":"Review Request",
        "column-per-hundred-meters": "/100 Meters",
        "column-per-minute-wait": "/Minute wait",
        "column-per-minute-passed": "/Minute travel",
        "column-available-time-from": "Available Time From",
        "column-available-time-to": "Available Time To",
        "column-provider-share-percent": "Provider Share Percent",
        "column-provider-share-flat": "Provider Share Flat",
        "column-datetime": "Date & Time",
        "column-path-type": "Path type",
        "column-base64-thumbnail": "Base64 thumbnail",
        "column-from": "From",
        "column-type": "Type",
        "column-status":"Status",
        "column-subject": "Subject",
        "column-sender-type":"Sender type",
        "column-content": "Content",
        "column-title": "Title",
        "column-name": "Name",
        "column-importance":"Importance",
        "column-first-name": "First name",
        "column-last-name": "Last name",
        "column-driver-name": "Driver name",
        "column-driver-number": "Driver number",
        "column-rider-name": "Rider name",
        "column-rider-number": "Rider number",
        "column-rating": "Rating",
        "column-mobile-number": "Mobile number",
        "column-phone-number": "Phone number",
        "column-operator":"Operator",
        "column-transaction-type":"transaction Type",
        "column-document-number":"Document Number",
        "column-details":"Details",
        "column-certificate-number": "Certificate number",
        "column-account-number": "Account number",
        "column-comment": "Comment",
        "column-email": "E-Mail address",
        "column-user-name": "User Name",
        "column-balance": "Balance",
        "column-gender": "Gender",
        "column-car-name": "Car name",
        "column-car-color": "Car color",
        "column-car-prod-year": "Car year",
        "column-car-plate": "Car plate",
        "column-pickup-address": "Pickup Address",
        "column-destination-address": "Destination Address",
        "column-address": "Address",
        "column-request-time": "Request time",
        "column-request-date": "Request date",
        "column-payment-date": "Payment date",
        "column-start-time": "Start time",
        "column-finish-time": "Finish time",
        "column-amount": "Amount",
        "column-image": "Image",
        "column-profile-image": "Profile Image",
        "column-distance-estimated":"Estimated distance",
        "column-distance-real":"Distance traveled",
        "column-duration-estimated":"Estimated duration",
        "column-duration-real":"Duration of travel",
        "column-cost":"Cost",
        "column-code":"Code",
        "column-description":"Description",
        "column-many-users-can-use":"# Users can use",
        "column-many-times-users-can-use":"# Times a user can use",
        "column-minimum-cost":"Minimum cost",
        "column-maximum-cost":"Maximum cost",
        "column-start-at":"Start at",
        "column-expiration-at":"Expiration at",
        "column-discount-percent":"Discount percent",
        "column-discount-flat":"Discount flat",
        "column-credit-gift":"Credit gift",
        "column-is-enabled":"Enabled",
        "column-is-first-travel-only":"Only first travel",
        "transaction-in-app": "In app",
        "transaction-cash": "Cash",
        "transaction-bank": "Bank",
        "transaction-gift": "Gift",
        "edit-dialog-item-number":"Item #",
        "login": "Login",
        "dismiss":"Dismiss",
        "confirm":"Confirm",
        "save":"Save",
        "add":"Add",
        "block-driver":"Block",
        "unblock-driver":"Unblock",
        "enable-driver":"Enable Driver",
        "select-driver-services":"Select driver services",
        "select-service-regions":"Select regions this service can operate on",
        "driver-all":"Show All",
        "driver-enabled":"Enabled",
        "driver-disabled":"Pending Review",
        "driver-blocked":"Blocked",
        "driver-online":"Online",
        "driver-offline":"Offline",
        "driver-in-service":"In service",
        "prompt-saved":"Changed was saved Successfully.",
        "prompt-language-saved":"Language saved. you need to reload page so language be changed.",
        "change-password":"Change Password",
        "old-password":"Old password",
        "new-password":"New password",
        "confirm-password":"Confirm password",
        "permission-view":"View",
        "permission-view-low":"View Low",
        "permission-view-medium":"View Medium",
        "permission-view-high":"View Low",
        "permission-update":"Update",
        "permission-details":"Details",
        "permission-delete":"Delete",
        "error-300":"User name password combination doesn't exists.",
        "error-301":"Your account has been disabled by admin.",
        "error-302":"Your account information has been changed. you need to login again.",
        "error-410":"Your don't have the permission to view this information.",
        "error-411":"Your don't have the permission to edit this item.",
        "error-412":"Your don't have the permission to delete this item.",
        "error-500":"Server couldn't get reached.",
        "error-100":"Malformed API call. this should be solved by developer.",
        "error-pass-dont-match":"Password didn't match",
        "error-pass-not-correct":"Password wasn't correct",
        "error-no-service-type-selected":"No service type selected.",
        "error-no-car-selected":"No car has been selected.",
        "error-no-category-selected":"Select a category from top bar first.",
        "gender-unknown":"Unknown",
        "gender-male":"Male",
        "gender-female":"Female"
    }
}